{"stats":{"minecraft:custom":{"minecraft:time_since_rest":15043,"minecraft:sprint_one_cm":4341,"minecraft:walk_one_cm":18011,"minecraft:fly_one_cm":63784,"minecraft:crouch_one_cm":668,"minecraft:play_one_minute":15043,"minecraft:sneak_time":655,"minecraft:walk_under_water_one_cm":365,"minecraft:jump":34,"minecraft:leave_game":1,"minecraft:walk_on_water_one_cm":1043,"minecraft:time_since_death":15043},"minecraft:used":{"minecraft:glass":331,"minecraft:water_bucket":64,"minecraft:packed_ice":5,"minecraft:grass_block":39,"minecraft:oak_planks":108,"minecraft:dirt":1,"minecraft:soul_sand":3,"minecraft:iron_trapdoor":2},"minecraft:picked_up":{"minecraft:lapis_ore":1,"minecraft:stripped_oak_log":1,"minecraft:polished_blackstone_brick_slab":1,"minecraft:lime_wool":1,"minecraft:magma_block":1,"minecraft:coarse_dirt":1,"minecraft:stone":1,"minecraft:black_terracotta":1,"minecraft:crimson_stem":2,"minecraft:packed_ice":1,"minecraft:gravel":1,"minecraft:birch_planks":1,"minecraft:gilded_blackstone":1,"minecraft:stone_brick_stairs":1,"minecraft:stripped_spruce_log":1,"minecraft:crimson_planks":2,"minecraft:nether_brick_stairs":1,"minecraft:purpur_block":1,"minecraft:spruce_log":1,"minecraft:dark_oak_planks":1,"minecraft:netherite_block":1,"minecraft:polished_granite":1,"minecraft:polished_diorite_stairs":1,"minecraft:podzol":1,"minecraft:light_blue_terracotta":1,"minecraft:acacia_planks":1,"minecraft:orange_concrete_powder":1,"minecraft:red_sandstone_slab":1,"minecraft:fire_coral_block":1,"minecraft:dark_prismarine_stairs":1,"minecraft:spruce_wood":1,"minecraft:sandstone_stairs":1,"minecraft:granite":1,"minecraft:carved_pumpkin":1,"minecraft:bookshelf":1,"minecraft:red_nether_brick_slab":1,"minecraft:chiseled_red_sandstone":1,"minecraft:black_wool":1,"minecraft:warped_nylium":1,"minecraft:diamond_ore":1,"minecraft:oak_slab":1,"minecraft:stripped_crimson_hyphae":1}},"DataVersion":2567}